year,category,amount
1970,Individual Income Tax,90412.0
1971,Individual Income Tax,86230.0
1972,Individual Income Tax,94737.0
1973,Individual Income Tax,103246.0
1974,Individual Income Tax,118952.0
1975,Individual Income Tax,122386.0
1976,Individual Income Tax,131603.0
1977,Individual Income Tax,157626.0
1978,Individual Income Tax,180988.0
1979,Individual Income Tax,217841.0
1980,Individual Income Tax,244069.0
1981,Individual Income Tax,285917.0
1982,Individual Income Tax,297744.0
1983,Individual Income Tax,288938.0
1984,Individual Income Tax,298415.0
1985,Individual Income Tax,334531.0
1986,Individual Income Tax,348959.0
1987,Individual Income Tax,392557.0
1988,Individual Income Tax,401181.0
1989,Individual Income Tax,445690.0
1990,Individual Income Tax,466884.0
1991,Individual Income Tax,467827.0
1992,Individual Income Tax,475964.0
1993,Individual Income Tax,509680.0
1994,Individual Income Tax,543055.0
1995,Individual Income Tax,590244.0
1996,Individual Income Tax,656417.0
1997,Individual Income Tax,737466.0
1998,Individual Income Tax,828586.0
1999,Individual Income Tax,879480.0
2000,Individual Income Tax,1004462.0
2001,Individual Income Tax,994339.0
2002,Individual Income Tax,858345.0
2003,Individual Income Tax,793699.0
2004,Individual Income Tax,808959.0
2005,Individual Income Tax,927222.0
2006,Individual Income Tax,1043908.0
2007,Individual Income Tax,1163472.0
2008,Individual Income Tax,1145747.0
2009,Individual Income Tax,915308.0
2010,Individual Income Tax,898549.0
2011,Individual Income Tax,1091473.0
2012,Individual Income Tax,1132206.0
2013,Individual Income Tax,1316405.0
2014,Individual Income Tax,1394568.0
2015,Individual Income Tax,1540802.0
2016,Individual Income Tax,1546075.0
2017,Individual Income Tax,1587120.0
2018,Individual Income Tax,1683538.0
2019,Individual Income Tax,1717857.0
2020,Individual Income Tax,1608663.0
2021,Individual Income Tax,2044377.0
2022,Individual Income Tax,2632146.0
2023,Individual Income Tax,2176481.0
2024,Individual Income Tax,2426067.0
1970,Corporate Income Tax,32829.0
1971,Corporate Income Tax,26785.0
1972,Corporate Income Tax,32166.0
1973,Corporate Income Tax,36153.0
1974,Corporate Income Tax,38620.0
1975,Corporate Income Tax,40621.0
1976,Corporate Income Tax,41409.0
1977,Corporate Income Tax,54892.0
1978,Corporate Income Tax,59952.0
1979,Corporate Income Tax,65677.0
1980,Corporate Income Tax,64600.0
1981,Corporate Income Tax,61137.0
1982,Corporate Income Tax,49207.0
1983,Corporate Income Tax,37022.0
1984,Corporate Income Tax,56893.0
1985,Corporate Income Tax,61331.0
1986,Corporate Income Tax,63143.0
1987,Corporate Income Tax,83926.0
1988,Corporate Income Tax,94508.0
1989,Corporate Income Tax,103291.0
1990,Corporate Income Tax,93507.0
1991,Corporate Income Tax,98086.0
1992,Corporate Income Tax,100270.0
1993,Corporate Income Tax,117520.0
1994,Corporate Income Tax,140385.0
1995,Corporate Income Tax,157004.0
1996,Corporate Income Tax,171824.0
1997,Corporate Income Tax,182293.0
1998,Corporate Income Tax,188677.0
1999,Corporate Income Tax,184680.0
2000,Corporate Income Tax,207289.0
2001,Corporate Income Tax,151075.0
2002,Corporate Income Tax,148044.0
2003,Corporate Income Tax,131778.0
2004,Corporate Income Tax,189371.0
2005,Corporate Income Tax,278282.0
2006,Corporate Income Tax,353915.0
2007,Corporate Income Tax,370243.0
2008,Corporate Income Tax,304346.0
2009,Corporate Income Tax,138229.0
2010,Corporate Income Tax,191437.0
2011,Corporate Income Tax,181085.0
2012,Corporate Income Tax,242289.0
2013,Corporate Income Tax,273506.0
2014,Corporate Income Tax,320731.0
2015,Corporate Income Tax,343797.0
2016,Corporate Income Tax,299571.0
2017,Corporate Income Tax,297048.0
2018,Corporate Income Tax,204733.0
2019,Corporate Income Tax,230245.0
2020,Corporate Income Tax,211845.0
2021,Corporate Income Tax,371831.0
2022,Corporate Income Tax,424865.0
2023,Corporate Income Tax,419584.0
2024,Corporate Income Tax,529867.0
1970,Payroll Taxes (FICA),44362.0
1971,Payroll Taxes (FICA),47325.0
1972,Payroll Taxes (FICA),52574.0
1973,Payroll Taxes (FICA),63115.0
1974,Payroll Taxes (FICA),75071.0
1975,Payroll Taxes (FICA),84534.0
1976,Payroll Taxes (FICA),90769.0
1977,Payroll Taxes (FICA),106485.0
1978,Payroll Taxes (FICA),120967.0
1979,Payroll Taxes (FICA),138939.0
1980,Payroll Taxes (FICA),157803.0
1981,Payroll Taxes (FICA),182720.0
1982,Payroll Taxes (FICA),201498.0
1983,Payroll Taxes (FICA),208994.0
1984,Payroll Taxes (FICA),239376.0
1985,Payroll Taxes (FICA),265163.0
1986,Payroll Taxes (FICA),283901.0
1987,Payroll Taxes (FICA),303318.0
1988,Payroll Taxes (FICA),334335.0
1989,Payroll Taxes (FICA),359416.0
1990,Payroll Taxes (FICA),380047.0
1991,Payroll Taxes (FICA),396015.0
1992,Payroll Taxes (FICA),413688.0
1993,Payroll Taxes (FICA),428299.0
1994,Payroll Taxes (FICA),461475.0
1995,Payroll Taxes (FICA),484473.0
1996,Payroll Taxes (FICA),509414.0
1997,Payroll Taxes (FICA),539371.0
1998,Payroll Taxes (FICA),571831.0
1999,Payroll Taxes (FICA),611833.0
2000,Payroll Taxes (FICA),652852.0
2001,Payroll Taxes (FICA),693967.0
2002,Payroll Taxes (FICA),700760.0
2003,Payroll Taxes (FICA),712978.0
2004,Payroll Taxes (FICA),733407.0
2005,Payroll Taxes (FICA),794125.0
2006,Payroll Taxes (FICA),837821.0
2007,Payroll Taxes (FICA),869607.0
2008,Payroll Taxes (FICA),900155.0
2009,Payroll Taxes (FICA),890917.0
2010,Payroll Taxes (FICA),864814.0
2011,Payroll Taxes (FICA),818792.0
2012,Payroll Taxes (FICA),845314.0
2013,Payroll Taxes (FICA),947820.0
2014,Payroll Taxes (FICA),1023458.0
2015,Payroll Taxes (FICA),1065257.0
2016,Payroll Taxes (FICA),1115065.0
2017,Payroll Taxes (FICA),1161897.0
2018,Payroll Taxes (FICA),1170701.0
2019,Payroll Taxes (FICA),1243113.0
2020,Payroll Taxes (FICA),1309955.0
2021,Payroll Taxes (FICA),1314088.0
2022,Payroll Taxes (FICA),1483527.0
2023,Payroll Taxes (FICA),1614456.0
2024,Payroll Taxes (FICA),1708926.0
1970,Excise Taxes,15705.0
1971,Excise Taxes,16614.0
1972,Excise Taxes,15477.0
1973,Excise Taxes,16260.0
1974,Excise Taxes,16844.0
1975,Excise Taxes,16551.0
1976,Excise Taxes,16963.0
1977,Excise Taxes,17548.0
1978,Excise Taxes,18376.0
1979,Excise Taxes,18745.0
1980,Excise Taxes,24329.0
1981,Excise Taxes,40839.0
1982,Excise Taxes,36311.0
1983,Excise Taxes,35300.0
1984,Excise Taxes,37361.0
1985,Excise Taxes,35992.0
1986,Excise Taxes,32919.0
1987,Excise Taxes,32457.0
1988,Excise Taxes,35227.0
1989,Excise Taxes,34386.0
1990,Excise Taxes,35345.0
1991,Excise Taxes,42402.0
1992,Excise Taxes,45569.0
1993,Excise Taxes,48057.0
1994,Excise Taxes,55225.0
1995,Excise Taxes,57484.0
1996,Excise Taxes,54014.0
1997,Excise Taxes,56924.0
1998,Excise Taxes,57673.0
1999,Excise Taxes,70414.0
2000,Excise Taxes,68865.0
2001,Excise Taxes,66232.0
2002,Excise Taxes,66989.0
2003,Excise Taxes,67524.0
2004,Excise Taxes,69855.0
2005,Excise Taxes,73094.0
2006,Excise Taxes,73961.0
2007,Excise Taxes,65069.0
2008,Excise Taxes,67334.0
2009,Excise Taxes,62483.0
2010,Excise Taxes,66909.0
2011,Excise Taxes,72381.0
2012,Excise Taxes,79061.0
2013,Excise Taxes,84007.0
2014,Excise Taxes,93368.0
2015,Excise Taxes,98279.0
2016,Excise Taxes,95026.0
2017,Excise Taxes,83823.0
2018,Excise Taxes,94986.0
2019,Excise Taxes,98914.0
2020,Excise Taxes,86780.0
2021,Excise Taxes,75274.0
2022,Excise Taxes,87728.0
2023,Excise Taxes,75802.0
2024,Excise Taxes,101436.0
1970,Other,9499.0
1971,Other,10185.0
1972,Other,12355.0
1973,Other,12026.0
1974,Other,13737.0
1975,Other,14998.0
1976,Other,17317.0
1977,Other,19008.0
1978,Other,19278.0
1979,Other,22101.0
1980,Other,26311.0
1981,Other,28659.0
1982,Other,33006.0
1983,Other,30309.0
1984,Other,34392.0
1985,Other,37020.0
1986,Other,40233.0
1987,Other,42029.0
1988,Other,43987.0
1989,Other,48321.0
1990,Other,56174.0
1991,Other,50657.0
1992,Other,55717.0
1993,Other,50778.0
1994,Other,58427.0
1995,Other,62585.0
1996,Other,61384.0
1997,Other,63178.0
1998,Other,74961.0
1999,Other,81045.0
2000,Other,91723.0
2001,Other,85469.0
2002,Other,78998.0
2003,Other,76335.0
2004,Other,78522.0
2005,Other,80888.0
2006,Other,97264.0
2007,Other,99594.0
2008,Other,106409.0
2009,Other,98052.0
2010,Other,140997.0
2011,Other,139735.0
2012,Other,151120.0
2013,Other,153368.0
2014,Other,189366.0
2015,Other,201755.0
2016,Other,212228.0
2017,Other,186296.0
2018,Other,175949.0
2019,Other,173235.0
2020,Other,203921.0
2021,Other,241541.0
2022,Other,269073.0
2023,Other,154625.0
2024,Other,153587.0
1970,Individual Income Tax (Real 2024$),571391.0480040424
1971,Individual Income Tax (Real 2024$),518499.33173076925
1972,Individual Income Tax (Real 2024$),543770.3804497476
1973,Individual Income Tax (Real 2024$),568102.825340959
1974,Individual Income Tax (Real 2024$),610978.5067761806
1975,Individual Income Tax (Real 2024$),569661.9657610718
1976,Individual Income Tax (Real 2024$),572706.5835073069
1977,Individual Income Tax (Real 2024$),639658.7871512006
1978,Individual Income Tax (Real 2024$),688238.6488294314
1979,Individual Income Tax (Real 2024$),766395.8894514767
1980,Individual Income Tax (Real 2024$),789798.4432082794
1981,Individual Income Tax (Real 2024$),842592.8178605089
1982,Individual Income Tax (Real 2024$),820419.5214805022
1983,Individual Income Tax (Real 2024$),762876.8347055097
1984,Individual Income Tax (Real 2024$),760602.4872630935
1985,Individual Income Tax (Real 2024$),825079.711496746
1986,Individual Income Tax (Real 2024$),841741.6032786886
1987,Individual Income Tax (Real 2024$),926185.7006225239
1988,Individual Income Tax (Real 2024$),916786.1807052805
1989,Individual Income Tax (Real 2024$),978968.1822971548
1990,Individual Income Tax (Real 2024$),989379.5642155202
1991,Individual Income Tax (Real 2024$),957158.8890888272
1992,Individual Income Tax (Real 2024$),950029.0054261091
1993,Individual Income Tax (Real 2024$),994007.1355060034
1994,Individual Income Tax (Real 2024$),1036470.1487868152
1995,Individual Income Tax (Real 2024$),1103135.3419007768
1996,Individual Income Tax (Real 2024$),1204137.1984452917
1997,Individual Income Tax (Real 2024$),1329224.2775616082
1998,Individual Income Tax (Real 2024$),1474967.9906063194
1999,Individual Income Tax (Real 2024$),1546415.9088991983
2000,Individual Income Tax (Real 2024$),1730175.7655970252
2001,Individual Income Tax (Real 2024$),1672206.2488906817
2002,Individual Income Tax (Real 2024$),1421143.8860206513
2003,Individual Income Tax (Real 2024$),1289361.3966748929
2004,Individual Income Tax (Real 2024$),1282826.1966527198
2005,Individual Income Tax (Real 2024$),1426942.9745293467
2006,Individual Income Tax (Real 2024$),1555971.5595280658
2007,Individual Income Tax (Real 2024$),1687722.605427975
2008,Individual Income Tax (Real 2024$),1628207.9001249855
2009,Individual Income Tax (Real 2024$),1287566.8829153075
2010,Individual Income Tax (Real 2024$),1253139.1997100802
2011,Individual Income Tax (Real 2024$),1492244.5136641888
2012,Individual Income Tax (Real 2024$),1520345.7635817048
2013,Individual Income Tax (Real 2024$),1736188.6887061056
2014,Individual Income Tax (Real 2024$),1806323.734051367
2015,Individual Income Tax (Real 2024$),1975277.840713407
2016,Individual Income Tax (Real 2024$),1966316.8624161072
2017,Individual Income Tax (Real 2024$),1985010.984
2018,Individual Income Tax (Real 2024$),2059871.8221483072
2019,Individual Income Tax (Real 2024$),2064101.9789605148
2020,Individual Income Tax (Real 2024$),1908151.3790781486
2021,Individual Income Tax (Real 2024$),2344706.3859697385
2022,Individual Income Tax (Real 2024$),2819480.1320657763
2023,Individual Income Tax (Real 2024$),2229787.6693152026
2024,Individual Income Tax (Real 2024$),2426067.0
1970,Corporate Income Tax (Real 2024$),207474.6351692774
1971,Corporate Income Tax (Real 2024$),161057.68990384616
1972,Corporate Income Tax (Real 2024$),184626.04956402018
1973,Corporate Income Tax (Real 2024$),198928.97976242847
1974,Corporate Income Tax (Real 2024$),198365.64271047225
1975,Corporate Income Tax (Real 2024$),189075.86416077407
1976,Corporate Income Tax (Real 2024$),180202.63152400835
1977,Corporate Income Tax (Real 2024$),222756.08176508764
1978,Corporate Income Tax (Real 2024$),227978.00668896319
1979,Corporate Income Tax (Real 2024$),231061.1080168776
1980,Corporate Income Tax (Real 2024$),209043.2600258732
1981,Corporate Income Tax (Real 2024$),180169.7594250707
1982,Corporate Income Tax (Real 2024$),135587.56311962986
1983,Corporate Income Tax (Real 2024$),97748.39645345154
1984,Corporate Income Tax (Real 2024$),145009.32361931933
1985,Corporate Income Tax (Real 2024$),151265.39479392624
1986,Corporate Income Tax (Real 2024$),152310.4148505304
1987,Corporate Income Tax (Real 2024$),198012.16411997733
1988,Corporate Income Tax (Real 2024$),215971.41531152933
1989,Corporate Income Tax (Real 2024$),226881.02160168596
1990,Corporate Income Tax (Real 2024$),198151.82124703488
1991,Corporate Income Tax (Real 2024$),200680.7789955832
1992,Corporate Income Tax (Real 2024$),200139.94414299392
1993,Corporate Income Tax (Real 2024$),229194.23670668952
1994,Corporate Income Tax (Real 2024$),267937.6155959103
1995,Corporate Income Tax (Real 2024$),293432.31141661684
1996,Corporate Income Tax (Real 2024$),315195.4778527427
1997,Corporate Income Tax (Real 2024$),328568.7492434068
1998,Corporate Income Tax (Real 2024$),335864.3949615713
1999,Corporate Income Tax (Real 2024$),324728.35090679035
2000,Corporate Income Tax (Real 2024$),357053.23275030986
2001,Corporate Income Tax (Real 2024$),254066.83138362243
2002,Corporate Income Tax (Real 2024$),245113.35822081016
2003,Corporate Income Tax (Real 2024$),214072.92453565396
2004,Corporate Income Tax (Real 2024$),300299.6192468619
2005,Corporate Income Tax (Real 2024$),428260.4865263935
2006,Corporate Income Tax (Real 2024$),527519.3546657133
2007,Corporate Income Tax (Real 2024$),537071.3524704245
2008,Corporate Income Tax (Real 2024$),432502.6044767639
2009,Corporate Income Tax (Real 2024$),194447.20537622314
2010,Corporate Income Tax (Real 2024$),266982.8901650312
2011,Corporate Income Tax (Real 2024$),247576.52984258853
2012,Corporate Income Tax (Real 2024$),325349.8521580416
2013,Corporate Income Tax (Real 2024$),360723.35147105344
2014,Corporate Income Tax (Real 2024$),415429.01998757245
2015,Corporate Income Tax (Real 2024$),440740.98800738
2016,Corporate Income Tax (Real 2024$),380998.01677852345
2017,Corporate Income Tax (Real 2024$),371517.9336
2018,Corporate Income Tax (Real 2024$),250498.49647818427
2019,Corporate Income Tax (Real 2024$),276652.3407628014
2020,Corporate Income Tax (Real 2024$),251284.65620257967
2021,Corporate Income Tax (Real 2024$),426454.86629986245
2022,Corporate Income Tax (Real 2024$),455103.3363309353
2023,Corporate Income Tax (Real 2024$),429860.5085190038
2024,Corporate Income Tax (Real 2024$),529867.0
1970,Payroll Taxes (FICA) (Real 2024$),280361.5634158666
1971,Payroll Taxes (FICA) (Real 2024$),284564.3149038462
1972,Payroll Taxes (FICA) (Real 2024$),301763.66131252865
1973,Payroll Taxes (FICA) (Real 2024$),347285.21997360315
1974,Payroll Taxes (FICA) (Real 2024$),385590.5531827515
1975,Payroll Taxes (FICA) (Real 2024$),393474.78154075175
1976,Payroll Taxes (FICA) (Real 2024$),395006.2223382046
1977,Payroll Taxes (FICA) (Real 2024$),432124.5603504219
1978,Payroll Taxes (FICA) (Real 2024$),459998.25752508355
1979,Payroll Taxes (FICA) (Real 2024$),488807.3341772152
1980,Payroll Taxes (FICA) (Real 2024$),510644.7919793014
1981,Payroll Taxes (FICA) (Real 2024$),538472.9123468426
1982,Payroll Taxes (FICA) (Real 2024$),555218.2167878387
1983,Payroll Taxes (FICA) (Real 2024$),551802.3977200759
1984,Payroll Taxes (FICA) (Real 2024$),610123.4220501324
1985,Payroll Taxes (FICA) (Real 2024$),653992.0412147505
1986,Payroll Taxes (FICA) (Real 2024$),684811.9203471553
1987,Payroll Taxes (FICA) (Real 2024$),715638.2241086586
1988,Payroll Taxes (FICA) (Real 2024$),764028.4752420976
1989,Payroll Taxes (FICA) (Real 2024$),789465.3867228661
1990,Payroll Taxes (FICA) (Real 2024$),805362.2211114876
1991,Payroll Taxes (FICA) (Real 2024$),810233.8630786849
1992,Payroll Taxes (FICA) (Real 2024$),825725.4733482285
1993,Payroll Taxes (FICA) (Real 2024$),835293.2469982847
1994,Payroll Taxes (FICA) (Real 2024$),880767.2554555165
1995,Payroll Taxes (FICA) (Real 2024$),905454.8432456664
1996,Payroll Taxes (FICA) (Real 2024$),934473.5843355822
1997,Payroll Taxes (FICA) (Real 2024$),972173.6701253783
1998,Payroll Taxes (FICA) (Real 2024$),1017917.7792485056
1999,Payroll Taxes (FICA) (Real 2024$),1075804.2079291437
2000,Payroll Taxes (FICA) (Real 2024$),1124531.0513703346
2001,Payroll Taxes (FICA) (Real 2024$),1167062.6958450987
2002,Payroll Taxes (FICA) (Real 2024$),1160233.6934074662
2003,Payroll Taxes (FICA) (Real 2024$),1158230.3995324068
2004,Payroll Taxes (FICA) (Real 2024$),1163017.7949790794
2005,Payroll Taxes (FICA) (Real 2024$),1222114.1103728313
2006,Payroll Taxes (FICA) (Real 2024$),1248793.6178047908
2007,Payroll Taxes (FICA) (Real 2024$),1261444.53131524
2008,Payroll Taxes (FICA) (Real 2024$),1279199.9301215769
2009,Payroll Taxes (FICA) (Real 2024$),1253255.980092228
2010,Payroll Taxes (FICA) (Real 2024$),1206091.5140499554
2011,Payroll Taxes (FICA) (Real 2024$),1119439.3904678617
2012,Payroll Taxes (FICA) (Real 2024$),1135102.2329826066
2013,Payroll Taxes (FICA) (Real 2024$),1250066.934514394
2014,Payroll Taxes (FICA) (Real 2024$),1325640.96996686
2015,Payroll Taxes (FICA) (Real 2024$),1365638.509532595
2016,Payroll Taxes (FICA) (Real 2024$),1418153.1375838926
2017,Payroll Taxes (FICA) (Real 2024$),1453184.5779
2018,Payroll Taxes (FICA) (Real 2024$),1432396.537566034
2019,Payroll Taxes (FICA) (Real 2024$),1493670.3132865787
2020,Payroll Taxes (FICA) (Real 2024$),1553832.2444044005
2021,Payroll Taxes (FICA) (Real 2024$),1507134.215130674
2022,Payroll Taxes (FICA) (Real 2024$),1589112.040853032
2023,Payroll Taxes (FICA) (Real 2024$),1653997.4764089119
2024,Payroll Taxes (FICA) (Real 2024$),1708926.0
1970,Excise Taxes (Real 2024$),99253.37796867103
1971,Excise Taxes (Real 2024$),99899.6625
1972,Excise Taxes (Real 2024$),88834.71271225331
1973,Excise Taxes (Real 2024$),89469.34447866255
1974,Excise Taxes (Real 2024$),86516.59466119096
1975,Excise Taxes (Real 2024$),77038.83773725343
1976,Excise Taxes (Real 2024$),73819.15135699374
1977,Excise Taxes (Real 2024$),71211.17326411422
1978,Excise Taxes (Real 2024$),69877.96655518394
1979,Excise Taxes (Real 2024$),65947.59915611814
1980,Excise Taxes (Real 2024$),78727.76274256145
1981,Excise Taxes (Real 2024$),120351.87865221489
1982,Excise Taxes (Real 2024$),100053.2445472571
1983,Excise Taxes (Real 2024$),93201.83660544647
1984,Excise Taxes (Real 2024$),95226.00917057265
1985,Excise Taxes (Real 2024$),88769.8568329718
1986,Excise Taxes (Real 2024$),79405.58013500483
1987,Excise Taxes (Real 2024$),76577.94736842104
1988,Excise Taxes (Real 2024$),80501.38662525124
1989,Excise Taxes (Real 2024$),75529.62802950473
1990,Excise Taxes (Real 2024$),74900.01948492037
1991,Excise Taxes (Real 2024$),86753.11859970556
1992,Excise Taxes (Real 2024$),90956.18943504627
1993,Excise Taxes (Real 2024$),93723.51457975985
1994,Excise Taxes (Real 2024$),105401.96474896994
1995,Excise Taxes (Real 2024$),107434.60669456066
1996,Excise Taxes (Real 2024$),99083.76327368729
1997,Excise Taxes (Real 2024$),102601.01859057501
1998,Excise Taxes (Real 2024$),102663.85012809564
1999,Excise Taxes (Real 2024$),123811.03584985236
2000,Excise Taxes (Real 2024$),118619.27489326539
2001,Excise Taxes (Real 2024$),111384.10972166195
2002,Excise Taxes (Real 2024$),110912.28792692613
2003,Excise Taxes (Real 2024$),109692.5143525133
2004,Excise Taxes (Real 2024$),110774.24686192468
2005,Excise Taxes (Real 2024$),112487.59173126615
2006,Excise Taxes (Real 2024$),110240.76117268502
2007,Excise Taxes (Real 2024$),94388.53897007655
2008,Excise Taxes (Real 2024$),95687.57391205544
2009,Excise Taxes (Real 2024$),87895.04903835339
2010,Excise Taxes (Real 2024$),93312.98650758251
2011,Excise Taxes (Real 2024$),98958.15118058592
2012,Excise Taxes (Real 2024$),106164.475735452
2013,Excise Taxes (Real 2024$),110795.69218601707
2014,Excise Taxes (Real 2024$),120935.54018227008
2015,Excise Taxes (Real 2024$),125991.74384993847
2016,Excise Taxes (Real 2024$),120855.21476510067
2017,Excise Taxes (Real 2024$),104837.4261
2018,Excise Taxes (Real 2024$),116218.92995499901
2019,Excise Taxes (Real 2024$),118850.74435584589
2020,Excise Taxes (Real 2024$),102936.02617602427
2021,Excise Taxes (Real 2024$),86332.13370013755
2022,Excise Taxes (Real 2024$),93971.74511819116
2023,Excise Taxes (Real 2024$),77658.55291612056
2024,Excise Taxes (Real 2024$),101436.0
1970,Other (Real 2024$),60032.33602829712
1971,Other (Real 2024$),61242.20913461539
1972,Other (Real 2024$),70915.09178522257
1973,Other (Real 2024$),66172.09942806863
1974,Other (Real 2024$),70557.97084188911
1975,Other (Real 2024$),69810.19203572757
1976,Other (Real 2024$),75359.67954070981
1977,Other (Real 2024$),77135.96885139521
1978,Other (Real 2024$),73307.97993311036
1979,Other (Real 2024$),77754.48860759493
1980,Other (Real 2024$),85141.44294954721
1981,Other (Real 2024$),84457.61380772856
1982,Other (Real 2024$),90946.47323198941
1983,Other (Real 2024$),80024.20582647243
1984,Other (Real 2024$),87658.59873649888
1985,Other (Real 2024$),91305.29284164858
1986,Other (Real 2024$),97048.04840887175
1987,Other (Real 2024$),99161.80022637238
1988,Other (Real 2024$),100519.89932395396
1989,Other (Real 2024$),106138.1712328767
1990,Other (Real 2024$),119039.0067773636
1991,Other (Real 2024$),103642.58122035008
1992,Other (Real 2024$),111211.70108522182
1993,Other (Real 2024$),99030.16466552315
1994,Other (Real 2024$),111513.27468335113
1995,Other (Real 2024$),116968.1104303646
1996,Other (Real 2024$),112603.35699618656
1997,Other (Real 2024$),113873.36013834846
1998,Other (Real 2024$),133438.26174210076
1999,Other (Real 2024$),142503.84015183465
2000,Other (Real 2024$),157991.95165955104
2001,Other (Real 2024$),143735.48245260186
2002,Other (Real 2024$),130795.33836378079
2003,Other (Real 2024$),124005.95466943759
2004,Other (Real 2024$),124518.15062761506
2005,Other (Real 2024$),124482.12329272795
2006,Other (Real 2024$),144974.4783696818
2007,Other (Real 2024$),144470.2108559499
2008,Other (Real 2024$),151216.60754459718
2009,Other (Real 2024$),137930.08255539308
2010,Other (Real 2024$),196637.98829170383
2011,Other (Real 2024$),191043.46797114122
2012,Other (Real 2024$),202926.5449860425
2013,Other (Real 2024$),202274.97374248653
2014,Other (Real 2024$),245277.60584092792
2015,Other (Real 2024$),258645.93942189417
2016,Other (Real 2024$),269914.1342281879
2017,Other (Real 2024$),233000.4072
2018,Other (Real 2024$),215280.19399334767
2019,Other (Real 2024$),208151.61350754154
2020,Other (Real 2024$),241885.42744688923
2021,Other (Real 2024$),277024.6022008253
2022,Other (Real 2024$),288223.3651079137
2023,Other (Real 2024$),158412.0965760157
2024,Other (Real 2024$),153587.0
1970,Individual Income Tax (CPI Real 2024$),735257.7946846455
1971,Individual Income Tax (CPI Real 2024$),669505.941839701
1972,Individual Income Tax (CPI Real 2024$),711904.5754039389
1973,Individual Income Tax (CPI Real 2024$),739013.8788629404
1974,Individual Income Tax (CPI Real 2024$),773277.5448817803
1975,Individual Income Tax (CPI Real 2024$),721244.7122742317
1976,Individual Income Tax (CPI Real 2024$),729460.8367906908
1977,Individual Income Tax (CPI Real 2024$),823299.8196088839
1978,Individual Income Tax (CPI Real 2024$),883147.9866945061
1979,Individual Income Tax (CPI Real 2024$),963518.1641270404
1980,Individual Income Tax (CPI Real 2024$),950657.1448718751
1981,Individual Income Tax (CPI Real 2024$),1002353.5361531972
1982,Individual Income Tax (CPI Real 2024$),971580.5832550833
1983,Individual Income Tax (CPI Real 2024$),911350.910631801
1984,Individual Income Tax (CPI Real 2024$),903809.5056658029
1985,Individual Income Tax (CPI Real 2024$),977180.9661143662
1986,Individual Income Tax (CPI Real 2024$),994617.7364486622
1987,Individual Income Tax (CPI Real 2024$),1088272.604375
1988,Individual Income Tax (CPI Real 2024$),1068149.5543812304
1989,Individual Income Tax (CPI Real 2024$),1133237.2880252958
1990,Individual Income Tax (CPI Real 2024$),1130545.3049941717
1991,Individual Income Tax (CPI Real 2024$),1078425.5944090995
1992,Individual Income Tax (CPI Real 2024$),1065202.475228633
1993,Individual Income Tax (CPI Real 2024$),1106807.756222777
1994,Individual Income Tax (CPI Real 2024$),1148989.5189356646
1995,Individual Income Tax (CPI Real 2024$),1214806.1662549537
1996,Individual Income Tax (CPI Real 2024$),1314392.260983721
1997,Individual Income Tax (CPI Real 2024$),1438250.2496103896
1998,Individual Income Tax (CPI Real 2024$),1589919.4922450865
1999,Individual Income Tax (CPI Real 2024$),1655798.116328483
2000,Individual Income Tax (CPI Real 2024$),1833138.4926770462
2001,Individual Income Tax (CPI Real 2024$),1758199.8401603065
2002,Individual Income Tax (CPI Real 2024$),1495318.649545751
2003,Individual Income Tax (CPI Real 2024$),1350792.17735515
2004,Individual Income Tax (CPI Real 2024$),1345530.0869387481
2005,Individual Income Tax (CPI Real 2024$),1493087.7656974292
2006,Individual Income Tax (CPI Real 2024$),1621693.079586207
2007,Individual Income Tax (CPI Real 2024$),1765865.067059145
2008,Individual Income Tax (CPI Real 2024$),1665082.8932010196
2009,Individual Income Tax (CPI Real 2024$),1334206.761323732
2010,Individual Income Tax (CPI Real 2024$),1287851.2238715293
2011,Individual Income Tax (CPI Real 2024$),1524551.5872655192
2012,Individual Income Tax (CPI Real 2024$),1543938.2181390899
2013,Individual Income Tax (CPI Real 2024$),1766154.5048547904
2014,Individual Income Tax (CPI Real 2024$),1841056.7586406313
2015,Individual Income Tax (CPI Real 2024$),2027829.220257816
2016,Individual Income Tax (CPI Real 2024$),2016319.446644638
2017,Individual Income Tax (CPI Real 2024$),2028135.8550254412
2018,Individual Income Tax (CPI Real 2024$),2100637.7675054795
2019,Individual Income Tax (CPI Real 2024$),2104467.9696232346
2020,Individual Income Tax (CPI Real 2024$),1942470.1647644013
2021,Individual Income Tax (CPI Real 2024$),2389822.574332892
2022,Individual Income Tax (CPI Real 2024$),2851022.0777256503
2023,Individual Income Tax (CPI Real 2024$),2243538.7691898216
2024,Individual Income Tax (CPI Real 2024$),2426067.0
1970,Corporate Income Tax (CPI Real 2024$),266975.38094171375
1971,Corporate Income Tax (CPI Real 2024$),207963.77887250832
1972,Corporate Income Tax (CPI Real 2024$),241712.55763263666
1973,Corporate Income Tax (CPI Real 2024$),258775.82436638593
1974,Corporate Income Tax (CPI Real 2024$),251059.0724269819
1975,Corporate Income Tax (CPI Real 2024$),239387.52355082743
1976,Corporate Income Tax (CPI Real 2024$),229525.49554847318
1977,Corporate Income Tax (CPI Real 2024$),286707.60977231455
1978,Corporate Income Tax (CPI Real 2024$),292541.4287041629
1979,Corporate Income Tax (CPI Real 2024$),290491.6083995742
1980,Corporate Income Tax (CPI Real 2024$),251619.22062500002
1981,Corporate Income Tax (CPI Real 2024$),214331.04061597603
1982,Corporate Income Tax (CPI Real 2024$),160569.36751112662
1983,Corporate Income Tax (CPI Real 2024$),116772.57201687053
1984,Corporate Income Tax (CPI Real 2024$),172311.8281783574
1985,Corporate Income Tax (CPI Real 2024$),179150.76878603236
1986,Corporate Income Tax (CPI Real 2024$),179972.85564372284
1987,Corporate Income Tax (CPI Real 2024$),232665.23484430608
1988,Corporate Income Tax (CPI Real 2024$),251628.76129592705
1989,Corporate Income Tax (CPI Real 2024$),262633.69767645857
1990,Corporate Income Tax (CPI Real 2024$),226424.33631071105
1991,Corporate Income Tax (CPI Real 2024$),226105.9170445719
1992,Corporate Income Tax (CPI Real 2024$),224403.2157708882
1993,Corporate Income Tax (CPI Real 2024$),255203.35801149893
1994,Corporate Income Tax (CPI Real 2024$),297024.9672975726
1995,Corporate Income Tax (CPI Real 2024$),323136.579663144
1996,Corporate Income Tax (CPI Real 2024$),344055.8910742209
1997,Corporate Income Tax (CPI Real 2024$),355518.6988311689
1998,Corporate Income Tax (CPI Real 2024$),362039.9572745933
1999,Corporate Income Tax (CPI Real 2024$),347697.27125522384
2000,Corporate Income Tax (CPI Real 2024$),378301.4638767143
2001,Corporate Income Tax (CPI Real 2024$),267132.2766704497
2002,Corporate Income Tax (CPI Real 2024$),257906.73232016398
2003,Corporate Income Tax (CPI Real 2024$),224272.28905102183
2004,Corporate Income Tax (CPI Real 2024$),314978.1114910369
2005,Corporate Income Tax (CPI Real 2024$),448112.15611127863
2006,Corporate Income Tax (CPI Real 2024$),549800.8505172414
2007,Corporate Income Tax (CPI Real 2024$),561938.044081146
2008,Corporate Income Tax (CPI Real 2024$),442297.7482936089
2009,Corporate Income Tax (CPI Real 2024$),201490.71832762106
2010,Corporate Income Tax (CPI Real 2024$),274378.33078028465
2011,Corporate Income Tax (CPI Real 2024$),252936.55837567814
2012,Corporate Income Tax (CPI Real 2024$),330398.57317016687
2013,Corporate Income Tax (CPI Real 2024$),366949.27017507097
2014,Corporate Income Tax (CPI Real 2024$),423417.12649047474
2015,Corporate Income Tax (CPI Real 2024$),452466.7039872588
2016,Corporate Income Tax (CPI Real 2024$),390686.6309530785
2017,Corporate Income Tax (CPI Real 2024$),379589.25567291526
2018,Corporate Income Tax (CPI Real 2024$),255455.99330380387
2019,Corporate Income Tax (CPI Real 2024$),282062.6092078105
2020,Corporate Income Tax (CPI Real 2024$),255804.1007063099
2021,Corporate Income Tax (CPI Real 2024$),434660.5922668733
2022,Corporate Income Tax (CPI Real 2024$),460194.64537791914
2023,Corporate Income Tax (CPI Real 2024$),432511.4581435547
2024,Corporate Income Tax (CPI Real 2024$),529867.0
1970,Payroll Taxes (FICA) (CPI Real 2024$),360765.23346237495
1971,Payroll Taxes (FICA) (CPI Real 2024$),367440.20291735884
1972,Payroll Taxes (FICA) (CPI Real 2024$),395069.20366157556
1973,Payroll Taxes (FICA) (CPI Real 2024$),451764.3391941042
1974,Payroll Taxes (FICA) (CPI Real 2024$),488018.0120705841
1975,Payroll Taxes (FICA) (CPI Real 2024$),498175.4490496454
1976,Payroll Taxes (FICA) (CPI Real 2024$),503122.5024859176
1977,Payroll Taxes (FICA) (CPI Real 2024$),556184.140250035
1978,Payroll Taxes (FICA) (CPI Real 2024$),590269.8659937362
1979,Payroll Taxes (FICA) (CPI Real 2024$),614531.9301951738
1980,Payroll Taxes (FICA) (CPI Real 2024$),614648.109478125
1981,Payroll Taxes (FICA) (CPI Real 2024$),640570.6485655354
1982,Payroll Taxes (FICA) (CPI Real 2024$),657516.3374064054
1983,Payroll Taxes (FICA) (CPI Real 2024$),659196.3404487559
1984,Payroll Taxes (FICA) (CPI Real 2024$),724998.0873222097
1985,Payroll Taxes (FICA) (CPI Real 2024$),774553.7379728147
1986,Payroll Taxes (FICA) (CPI Real 2024$),809186.6666155957
1987,Payroll Taxes (FICA) (CPI Real 2024$),840878.31783363
1988,Payroll Taxes (FICA) (CPI Real 2024$),890171.2226253203
1989,Payroll Taxes (FICA) (CPI Real 2024$),913872.0032150142
1990,Payroll Taxes (FICA) (CPI Real 2024$),920272.1693763762
1991,Payroll Taxes (FICA) (CPI Real 2024$),912885.985139634
1992,Payroll Taxes (FICA) (CPI Real 2024$),925829.4357816615
1993,Payroll Taxes (FICA) (CPI Real 2024$),930082.9053179628
1994,Payroll Taxes (FICA) (CPI Real 2024$),976383.4938465457
1995,Payroll Taxes (FICA) (CPI Real 2024$),997114.3930036328
1996,Payroll Taxes (FICA) (CPI Real 2024$),1020037.2922041342
1997,Payroll Taxes (FICA) (CPI Real 2024$),1051913.5463636364
1998,Payroll Taxes (FICA) (CPI Real 2024$),1097249.1125483655
1999,Payroll Taxes (FICA) (CPI Real 2024$),1151898.7684854742
2000,Payroll Taxes (FICA) (CPI Real 2024$),1191451.8729640294
2001,Payroll Taxes (FICA) (CPI Real 2024$),1227079.1636217905
2002,Payroll Taxes (FICA) (CPI Real 2024$),1220790.5875326127
2003,Payroll Taxes (FICA) (CPI Real 2024$),1213413.5295953758
2004,Payroll Taxes (FICA) (CPI Real 2024$),1219865.5116903163
2005,Payroll Taxes (FICA) (CPI Real 2024$),1278764.224678093
2006,Payroll Taxes (FICA) (CPI Real 2024$),1301540.4783103447
2007,Payroll Taxes (FICA) (CPI Real 2024$),1319850.089533828
2008,Payroll Taxes (FICA) (CPI Real 2024$),1308170.7320458738
2009,Payroll Taxes (FICA) (CPI Real 2024$),1298653.0055219177
2010,Payroll Taxes (FICA) (CPI Real 2024$),1239500.3147532665
2011,Payroll Taxes (FICA) (CPI Real 2024$),1143675.2381784148
2012,Payroll Taxes (FICA) (CPI Real 2024$),1152716.547101876
2013,Payroll Taxes (FICA) (CPI Real 2024$),1271642.5133537683
2014,Payroll Taxes (FICA) (CPI Real 2024$),1351131.151786663
2015,Payroll Taxes (FICA) (CPI Real 2024$),1401970.708555791
2016,Payroll Taxes (FICA) (CPI Real 2024$),1454216.1562490845
2017,Payroll Taxes (FICA) (CPI Real 2024$),1484755.384310257
2018,Payroll Taxes (FICA) (CPI Real 2024$),1460744.4174449479
2019,Payroll Taxes (FICA) (CPI Real 2024$),1522880.8283356812
2020,Payroll Taxes (FICA) (CPI Real 2024$),1581778.4736044474
2021,Payroll Taxes (FICA) (CPI Real 2024$),1536134.0726587912
2022,Payroll Taxes (FICA) (CPI Real 2024$),1606889.6747756775
2023,Payroll Taxes (FICA) (CPI Real 2024$),1664197.6783400003
2024,Payroll Taxes (FICA) (CPI Real 2024$),1708926.0
1970,Excise Taxes (CPI Real 2024$),127717.82136798608
1971,Excise Taxes (CPI Real 2024$),128994.2214742525
1972,Excise Taxes (CPI Real 2024$),116302.4701386656
1973,Excise Taxes (CPI Real 2024$),116385.77446401225
1974,Excise Taxes (CPI Real 2024$),109498.67985396384
1975,Excise Taxes (CPI Real 2024$),97538.29059574468
1976,Excise Taxes (CPI Real 2024$),94024.02813370887
1977,Excise Taxes (CPI Real 2024$),91655.34388043023
1978,Excise Taxes (CPI Real 2024$),89667.42216886337
1979,Excise Taxes (CPI Real 2024$),82909.77358055358
1980,Excise Taxes (CPI Real 2024$),94762.29130937501
1981,Excise Taxes (CPI Real 2024$),143171.3261644478
1982,Excise Taxes (CPI Real 2024$),118487.90423509903
1983,Excise Taxes (CPI Real 2024$),111341.14289329397
1984,Excise Taxes (CPI Real 2024$),113155.26009476755
1985,Excise Taxes (CPI Real 2024$),105134.34429810171
1986,Excise Taxes (CPI Real 2024$),93827.12945117768
1987,Excise Taxes (CPI Real 2024$),89979.45246218862
1988,Excise Taxes (CPI Real 2024$),93792.33899957276
1989,Excise Taxes (CPI Real 2024$),87431.84138310893
1990,Excise Taxes (CPI Real 2024$),85586.83485623624
1991,Excise Taxes (CPI Real 2024$),97744.2560051785
1992,Excise Taxes (CPI Real 2024$),101982.94743655734
1993,Excise Taxes (CPI Real 2024$),104359.32416574714
1994,Excise Taxes (CPI Real 2024$),116844.41941096589
1995,Excise Taxes (CPI Real 2024$),118310.2541677675
1996,Excise Taxes (CPI Real 2024$),108156.2232312306
1997,Excise Taxes (CPI Real 2024$),111016.58545454546
1998,Excise Taxes (CPI Real 2024$),110664.9483291425
1999,Excise Taxes (CPI Real 2024$),132568.5274971049
2000,Excise Taxes (CPI Real 2024$),125678.30569817951
2001,Excise Taxes (CPI Real 2024$),117112.06320329125
2002,Excise Taxes (CPI Real 2024$),116701.2110683004
2003,Excise Taxes (CPI Real 2024$),114918.7424750808
2004,Excise Taxes (CPI Real 2024$),116188.83555669231
2005,Excise Taxes (CPI Real 2024$),117701.86335730589
2006,Excise Taxes (CPI Real 2024$),114897.13831034483
2007,Excise Taxes (CPI Real 2024$),98758.77893793018
2008,Excise Taxes (CPI Real 2024$),97854.66733126725
2009,Excise Taxes (CPI Real 2024$),91078.8948286159
2010,Excise Taxes (CPI Real 2024$),95897.76132188691
2011,Excise Taxes (CPI Real 2024$),101100.5938194216
2012,Excise Taxes (CPI Real 2024$),107811.91714607994
2013,Excise Taxes (CPI Real 2024$),112707.97474131166
2014,Excise Taxes (CPI Real 2024$),123260.95783121258
2015,Excise Taxes (CPI Real 2024$),129343.69759236935
2016,Excise Taxes (CPI Real 2024$),123928.51041304812
2017,Excise Taxes (CPI Real 2024$),107115.04598001258
2018,Excise Taxes (CPI Real 2024$),118518.96362557632
2019,Excise Taxes (CPI Real 2024$),121175.013256233
2020,Excise Taxes (CPI Real 2024$),104787.36745872488
2021,Excise Taxes (CPI Real 2024$),87993.312613248
2022,Excise Taxes (CPI Real 2024$),95023.02107661043
2023,Excise Taxes (CPI Real 2024$),78137.47318820006
2024,Excise Taxes (CPI Real 2024$),101436.0
1970,Other (CPI Real 2024$),77248.74786211396
1971,Other (CPI Real 2024$),79078.25603197675
1972,Other (CPI Real 2024$),92842.08945940515
1973,Other (CPI Real 2024$),86079.66320444105
1974,Other (CPI Real 2024$),89300.84096140473
1975,Other (CPI Real 2024$),88386.15686997636
1976,Other (CPI Real 2024$),95986.21088200415
1977,Other (CPI Real 2024$),99281.10191926247
1978,Other (CPI Real 2024$),94068.81609552396
1979,Other (CPI Real 2024$),97753.4759084457
1980,Other (CPI Real 2024$),102482.249440625
1981,Other (CPI Real 2024$),100471.29059347461
1982,Other (CPI Real 2024$),107703.22401431188
1983,Other (CPI Real 2024$),95598.83002699283
1984,Other (CPI Real 2024$),104163.0498428641
1985,Other (CPI Real 2024$),108137.1812045934
1986,Other (CPI Real 2024$),114673.80233935513
1987,Other (CPI Real 2024$),116515.58700845197
1988,Other (CPI Real 2024$),117115.9512752777
1989,Other (CPI Real 2024$),122863.78198898409
1990,Other (CPI Real 2024$),136023.62034840047
1991,Other (CPI Real 2024$),116773.51956167932
1992,Other (CPI Real 2024$),124694.06575353125
1993,Other (CPI Real 2024$),110268.17659213659
1994,Other (CPI Real 2024$),123619.17415888645
1995,Other (CPI Real 2024$),128808.83823480846
1996,Other (CPI Real 2024$),122913.7187919032
1997,Other (CPI Real 2024$),123213.50987012987
1998,Other (CPI Real 2024$),143837.76102683842
1999,Other (CPI Real 2024$),152583.5247394391
2000,Other (CPI Real 2024$),167394.04971399286
2001,Other (CPI Real 2024$),151127.1127237906
2002,Other (CPI Real 2024$),137622.0315570257
2003,Other (CPI Real 2024$),129914.13729689136
2004,Other (CPI Real 2024$),130604.53432943374
2005,Other (CPI Real 2024$),130252.3917591835
2006,Other (CPI Real 2024$),151097.94703448276
2007,Other (CPI Real 2024$),151159.25908718773
2008,Other (CPI Real 2024$),154641.3000275168
2009,Other (CPI Real 2024$),142926.36070187803
2010,Other (CPI Real 2024$),202084.8712893944
2011,Other (CPI Real 2024$),195179.55647693286
2012,Other (CPI Real 2024$),206075.52293944676
2013,Other (CPI Real 2024$),205766.146513094
2014,Other (CPI Real 2024$),249993.94375659115
2015,Other (CPI Real 2024$),265527.0984416659
2016,Other (CPI Real 2024$),276777.933491259
2017,Other (CPI Real 2024$),238062.40060475553
2018,Other (CPI Real 2024$),219540.70211353805
2019,Other (CPI Real 2024$),212222.26804540836
2020,Other (CPI Real 2024$),246235.8234564489
2021,Other (CPI Real 2024$),282355.0325732196
2022,Other (CPI Real 2024$),291447.7629735865
2023,Other (CPI Real 2024$),159389.02392714485
2024,Other (CPI Real 2024$),153587.0
